{"count":1,"self":12.1902872,"total":12.348853799999999,"children":{"AgentSendState":{"count":394,"self":0.0126591,"total":0.0196918,"children":{"CollectObservations":{"count":553,"self":0.0060583,"total":0.0060583,"children":null},"CollectDiscreteActionMasks":{"count":553,"self":0.00097439999999999994,"total":0.00097439999999999994,"children":null}}},"DecideAction":{"count":394,"self":0.12463199999999999,"total":0.12463199999999999,"children":null},"AgentAct":{"count":394,"self":0.013271999999999999,"total":0.013271999999999999,"children":null}},"gauges":{"3DBall.CumulativeReward":{"count":1,"max":0.7000003,"min":0.7000003,"runningAverage":0.7000003,"value":0.7000003,"weightedAverage":0.7000003}},"metadata":{"timer_format_version":"0.1.0","start_time_seconds":"1630302296","unity_version":"2020.1.4f1","command_line_arguments":"C:\\Program Files\\Unity\\Hub\\Editor\\2020.1.4f1\\Editor\\Unity.exe -projectpath D:\/30122\/model -useHub -hubIPC -cloudEnvironment production -hubSessionId 2ecabb60-094e-11ec-84f2-d9f92c45c3ac","communication_protocol_version":"1.0.0","com.unity.ml-agents_version":"1.0.8","scene_name":"SampleScene","end_time_seconds":"1630302308"}}